label,prediction
158010,96689.3657754
121961,94681.155225
168287,99047.2238214
177932,125246.567436
122805,52020.8701511
153631,127973.753164
102193,101174.499629
149813,196370.25666
182793,252840.01653
277838,146191.702357
132736,100826.559836
170798,132401.880905
143877,105153.678674
201204,142314.076855
84603,68182.2401665
157842,75040.624804
172038,91519.4337513
145955,63604.2770805
137958,93849.8993121
180155,73027.5461599
189611,127806.024977
137962,92206.409186
136331,75481.732218
108225,83699.6549458
175348,91859.9482603
195555,110300.712079
169837,81204.0000155
134340,83699.6549458
377315,235449.284919
148659,88200.4722098
123388,217735.994575
197880,151628.690713
178069,136218.950647
130489,114493.840128
131754,67607.982139
227023,153120.288054
200511,96458.409502
94611,111679.453486
99115,92966.7261913
225384,211501.312841
140139,99434.0534879
176129,88859.4618803
142606,75333.7572699
159543,115678.554691
168109,93743.7761283
239639,238389.320067
194654,189533.073438
188170,120615.736341
156388,95828.1678992
202438,208101.647441
149293,80531.9715129
158202,39276.9918138
167916,82292.1604035
196528,105517.698204
135048,110517.37316
164407,110248.649267
148770,94739.7355537
157260,109338.857316
149575,75040.7332657
240000,108117.95388
163773,77880.6564446
166333,91662.4867827
122075,72627.784143
89793,91620.3127876
203815,132955.527906
126488,136619.178196
134417,95969.0349022
202439,132534.872189
131535,125089.519291
170293,152465.409977
220956,168193.234012
260901,189308.298151
61104,241809.945624
277070,233522.172546
204730,69811.3582029
190048,118221.884689
181046,182703.58911
145996,76209.2434494
167979,266467.246652
178872,217752.386499
184578,96414.0967949
145459,106056.41269
110410,154205.628692
203623,168575.856685
239824,238979.602689
191553,205359.783808
229181,246677.145512
114559,109332.902158
172142,209450.347569
169166,128355.019031
188950,195238.384514
104348,127301.359977
153680,153688.819641
179391,202891.503867
244550,292838.583834
136752,141543.575598
161229,163142.503084
226395,253153.583999
164646,135653.059407
240489,317545.638997
228479,266576.773223
169814,144806.747894
244596,309562.714055
162310,101290.470733
165297,126371.779616
248327,266021.626688
138442,161726.039336
272343,372414.488432
243371,258200.603897
244832,273149.733798
185531,160441.756833
197423,308932.83485
165429,171134.668322
157892,191413.79132
175225,172193.202913
158801,145038.886545
225779,204603.496838
326696,495799.837235
159124,146498.591616
166005,124370.853292
217754,263740.920038
182935,158189.598303
113728,107110.731994
166809,155954.171749
93699,109401.761451
205420,238682.65838
263633,290363.911024
167014,174760.228926
193714,176594.459495
142841,101071.599188
207393,212002.779408
138026,106151.184787
124088,208532.511434
174201,187103.323024
177462,198247.65857
229254,245978.069478
234861,274919.429776
241395,266178.605316
183505,105834.662764
157490,258370.785721
101162,91558.5376454
225606,192671.02571
251016,324181.157518
269732,360600.260415
170926,148492.16153
180682,186993.03279
229333,277478.545085
145951,157994.993694
151205,258370.785721
148973,207046.937804
140383,242476.399715
200306,189254.650119
254988,301017.72849
247328,262044.088277
152921,215362.611387
352189,560570.89365
110223,118744.378588
121967,84936.3332172
129815,140827.283712
222912,290696.034358
148046,115826.083831
82100,10993.6106166
152760,177655.148563
131029,125691.004781
144979,110312.703934
117442,190537.174215
156434,154149.263318
105348,111658.580384
136431,126504.580008
147968,111150.005178
151744,110493.866149
134675,106404.511394
121285,75311.1100614
151791,134020.500124
102401,115176.607991
150843,136048.10518
118697,110707.851269
130002,168226.520166
132623,155819.46561
136451,129240.474319
141709,181277.255414
172463,259716.292658
159431,136604.311536
142724,99812.4765043
109752,140566.245627
136487,114635.097713
120547,91159.6396983
132623,75614.6594674
139124,124979.428573
224445,259076.335498
121161,93249.0785656
191975,252871.637663
101194,108026.447737
157437,182909.300901
178595,157260.644302
103569,92756.7742489
144189,126344.725364
155361,169777.125819
131641,75201.6742889
163084,108885.4572
136356,138873.791566
124027,121963.11153
185945,186821.789224
145281,277936.361435
149037,131129.855928
98978,237663.045989
137396,139368.262074
88262,40909.6747409
184918,234327.494682
226402,290565.086236
1058575,296861.707572
180093,213610.396057
128018,133844.81035
148741,132562.723546
163439,211645.892109
120472,98825.7885743
147376,141528.977628
102588,127802.744687
109519,101194.5866
175379,187694.785684
149870,141510.948623
126779,110457.005542
103833,98210.3008063
109069,118021.030751
128345,142132.801343
114495,167398.576842
203812,218293.571161
114743,105912.929336
140282,129347.034075
111021,166239.510532
146521,154742.869594
736415,305158.63263
154199,178818.73953
378976,766091.608065
145134,239706.510878
131194,84377.107558
124848,114296.526051
220890,172860.091528
253931,225875.720812
555448,455702.999628
141212,137158.706072
576927,336249.457805
576927,336249.457805
576927,336249.457805
576927,336249.457805
576927,336249.457805
576927,336249.457805
599782,307139.542337
599782,307139.542337
599782,307139.542337
148865,172198.77628
254500,272536.103355
130796,97750.2058841
263193,240032.290511
224682,324976.76513
203556,239964.742731
111630,115003.930894
165360,206092.971335
106445,74453.1757061
138100,198838.30769
102640,147825.491011
45905,115812.390651
196018,161727.497331
99309,170344.241332
201507,211192.252257
161191,221429.275033
133891,97118.9383169
63237,79676.0864577
68627,137258.372086
48843,91485.7321526
152264,163650.367699
69482,174581.733947
111098,132564.866179
872239,237297.669647
208801,239636.141082
118758,142511.289163
439441,276502.796853
155281,123134.78537
188781,210656.110983
76042,114728.772956
163570,152761.688703
199194,223400.580785
227013,259108.326216
114583,138266.788752
101671,108195.921214
205079,199895.207295
169741,84524.9045945
263078,175967.680619
133853,114533.950436
105000,167474.919912
134218,127618.116318
100773,131570.683215
83523,78624.7679428
112093,76518.5583808
216760,327507.13243
100050,97118.9383169
177336,253975.116688
99652,69004.8797334
185798,232798.23713
294172,155785.935574
120421,137555.285807
264570,259297.259131
128724,156901.651968
203552,188283.722303
72016,94037.6864367
122337,229194.374955
133741,159044.213647
289723,368071.982275
357693,389865.957149
142101,188529.979287
188397,245397.694177
154434,127104.230699
89612,109818.014527
297614,346029.755258
119869,106952.625856
148968,190970.907007
129969,176603.195675
192486,274945.352735
133967,217156.439987
103254,136600.852803
461719,457737.856499
242335,412587.661312
162136,207803.031298
108258,150608.921669
133861,160616.352366
115687,99026.7800385
210348,303945.83243
158901,217095.081114
355798,396329.910157
257726,317546.27492
59050,143290.481282
103274,122959.146545
170558,235782.583114
124658,124440.984154
174459,244042.421233
82694,88879.985003
183576,236709.560705
100779,148280.354527
207873,288736.188927
130499,194810.5489
123358,114960.230527
110375,112370.820147
208095,260720.090444
96739,103305.265131
155057,189842.008193
295731,388473.341536
103961,144735.324096
100821,80979.190732
428185,560940.469523
153013,165624.528967
151947,214273.298491
87928,134893.976019
84181,109008.688088
92379,99057.15456
296510,328786.301857
322818,425727.104019
100062,197641.635455
352064,370955.288958
155050,176194.394262
177634,218856.360194
139681,187756.42393
196703,270449.384223
184496,284406.300884
127138,202026.188117
121331,170321.223607
160384,214605.106259
385399,450284.912099
175999,224892.941774
45712,107699.38893
104537,111657.366847
162255,115698.481518
102836,179755.499929
90923,121673.424569
163460,149193.380786
60100,130263.913176
152105,66856.6539254
155749,227942.430092
138587,112263.363198
161480,180163.527951
147544,157844.637797
100970,97730.3547792
177948,113395.390266
217290,192536.019022
145791,215687.349534
48530,115299.104415
134370,239168.062571
145003,262152.346208
89728,180064.311397
150805,122764.817092
98761,254665.837814
120377,261861.032179
69247,193505.998736
101322,111183.225762
96027,195941.779558
42370,99520.9162203
38634,104355.527171
40250,104355.527171
259783,231976.285528
197030,154907.74907
58010,125625.870945
203023,247064.603052
135889,227254.306747
42197,115299.104415
184687,189759.386878
142029,260883.066663
160199,147180.075797
119361,130860.728687
105712,154387.705297
51321,105910.540978
99065,80770.0129681
63331,88017.5830362
163751,161329.174984
119319,92915.0742155
231854,194759.357261
191129,258310.511488
388765,339048.262148
107581,159718.793892
74204,100232.302008
142049,155856.410484
162190,158259.931385
87434,157065.81538
57387,105910.540978
151096,113579.963036
146413,142219.767388
145349,140484.592006
114759,187845.878773
45764,115299.104415
142649,108835.458386
79851,154370.448158
111125,101390.068263
110956,103334.34158
205102,250939.269805
100780,193053.25242
67022,134021.101964
196614,175209.903988
106484,197409.015315
189941,243374.274575
106920,157430.602352
359000,261375.447023
61697,147692.556546
77350,60379.3435788
122268,112022.780237
219776,192862.389366
106496,60102.8016599
117348,110843.186184
152289,111516.513679
235719,177962.321432
177374,170417.681845
134842,273827.087762
132790,82519.3637749
141038,124311.739709
155029,201297.031312
90581,79922.7980673
89469,108927.051424
189768,221122.105412
146940,82433.2896589
199001,228665.138974
164739,159531.856736
147218,297443.696079
147962,157694.975154
114310,210436.260438
149293,147232.215256
156356,176442.401944
177409,188614.540731
251438,285150.786893
183956,155280.276081
176901,130040.385213
87489,108703.267289
174257,145229.236918
94311,88329.4087621
170764,100263.086721
124540,78678.4969673
133095,181925.845404
178834,157602.03217
159937,116022.806021
251856,114235.340345
120839,141056.434038
198203,155629.736914
98083,48473.8149761
130549,67755.4835443
186255,157771.719824
144084,104687.282724
141850,83906.3581047
196669,123895.81426
147191,104657.156783
216915,196309.263131
159906,136941.754327
162940,188557.725914
104103,87959.9075141
132806,181996.749916
221587,171261.160447
106613,117696.311676
186885,56359.5926059
174970,188574.940737
146628,85653.4785035
115471,56242.065788
184797,116891.924824
131929,226948.372872
107285,147879.665338
166738,97030.3099794
209589,210385.455993
170459,122144.841901
206308,128629.236289
100410,91242.7693699
142197,95478.7954269
82040,80676.7268777
76426,88948.6900558
102830,68636.9395566
116056,74397.8731055
158566,191756.420381
148108,216098.366824
83174,67755.4835443
51929,168142.350883
153121,104687.282724
60027,20047.3672575
103135,56959.4600007
87754,44427.6629115
108825,46218.0045255
74119,128366.8061
166938,49034.829101
94498,100887.196765
136062,67229.6728331
158580,163328.634717
75390,169204.606078
74616,167667.56359
73341,62070.7038725
92706,310874.295807
159090,165292.281967
75716,29473.1802202
63669,39096.0626798
72998,172794.960059
91308,132623.797582
61721,9665.2124042
114526,69199.4982851
153030,235268.998303
66329,71748.701236
97975,30896.9779329
69467,76760.0465209
217348,296795.083617
44726,-20482.3345476
66522,3262.09035534
152998,63021.8380793
47579,43964.8251917
97102,112574.649008
68142,73452.0242058
93650,20837.1854548
62550,111723.494326
73122,145614.834555
150400,140829.479834
116844,90711.1600929
61818,156620.05397
80580,98913.8288898
100761,103194.672709
171772,168149.551791
59860,-19138.2608371
105000,95383.7970339
92684,190340.872688
70593,88985.7732802
117965,72717.3695292
109761,90833.0427551
69938,118277.310201
62878,35156.6256175
58257,67715.262887
85977,83251.7347412
123524,31863.5839475
40036,50498.6577925
124157,160350.72864
89819,127492.229859
76440,15832.688054
82450,85390.0476634
80709,49117.8527867
30629,81735.8435837
54252,16218.3408985
178524,199077.546244
66125,80214.3418496
139057,208467.526471
79614,30905.2765188
53227,81812.5924674
96756,187051.822641
63227,18051.7794004
53377,84300.8428147
64567,142935.967338
73767,95365.776828
63587,37180.6053299
66342,212324.212485
51874,76140.7027373
58216,84666.5925518
45508,13253.0175755
112113,217891.71898
80099,54857.5040359
53540,174964.264129
145937,134684.467033
113935,63928.6201837
61387,34134.1447899
112904,88025.8554114
90870,15941.786735
37032,72963.7060374
51918,47539.8466541
49924,73156.2934851
36245,123480.727285
52719,66876.5460687
54235,68143.6132451
121247,103905.709855
48555,89814.9813926
127048,114332.213367
62889,65736.0262515
69816,173712.927777
44250,77850.455158
96437,55086.5522262
120405,67176.8457925
53660,44729.7447629
73350,146441.591121
34071,23041.5461112
38728,10594.6404723
62437,17649.7220359
53145,33137.5786742
62396,77244.1279296
60761,67479.8768465
119115,92550.281407
93374,215097.524612
73475,123525.598947
80567,86830.0203827
49005,34602.7586012
72681,145494.18372
71651,172111.812282
83790,124170.908717
87538,158677.032342
53750,62521.8386593
62490,112059.409536
94991,81363.0519833
44186,158760.754579
76220,88799.8642865
151710,175386.039376
119805,146542.143539
45266,9062.53965823
102540,23636.6227431
55206,83489.9402377
89206,42405.7393274
86394,56284.1819722
130539,108983.467851
119777,176483.9117
110818,57646.4061134
127402,85522.8217757
102809,90695.5886687
136887,122472.049261
150300,63424.6138224
90664,75683.3749627
112929,83519.4622942
122458,163810.620855
218045,207627.766974
72069,30022.787471
119465,107584.87759
105321,67524.3977154
111112,144225.032115
87221,102078.761412
64317,160369.439308
147201,153323.379835
132809,44240.4730677
87891,105844.6277
72651,89982.3371776
59145,80515.267543
126030,75915.4571816
116755,71052.6288954
95218,60639.2458408
80146,33109.1956404
79598,41422.1182626
139221,168615.018101
139590,104617.362271
63018,64347.8021578
105917,64502.5704595
61543,59964.1739241
88190,27032.7812866
100947,98280.4203213
96383,93328.3035469
73847,77486.6747349
124909,102799.500143
135075,81950.4206735
123363,66851.6546455
132381,149317.271012
124681,52244.5489874
66229,47764.1341337
104567,68801.7331377
107487,104435.982651
117362,150609.154653
160661,232542.05177
136016,104374.839277
90968,82075.8554131
76105,70006.2140026
123914,205136.99366
170227,128148.054133
115153,83211.4084806
114040,163108.944732
116511,92569.0611677
108541,84742.7042258
96975,75492.9904739
110610,147085.076779
104205,71160.229039
147677,200282.839992
116383,158097.682425
127010,129101.917903
59728,89234.755723
110100,67196.0522379
120921,64188.0390499
123264,100904.214039
116398,48379.5179417
110787,120609.489814
87227,104504.129595
185979,180132.797322
70780,39556.451201
80300,40929.6201064
103943,55210.4748932
55855,60017.1955796
104592,76004.9742269
100262,80490.723604
86446,77992.8094486
131207,112718.736946
195699,336805.298001
106298,110784.542063
95266,159756.724659
118556,92410.4674112
117794,51548.5762874
106412,108876.838008
177574,272361.168406
116847,88541.9972437
44830,75886.9401483
38157,20469.7509083
50947,79477.502967
72073,121479.11365
36899,171876.13932
77011,101669.51963
67013,96064.5303847
66624,79888.5208732
105496,213220.401068
54093,125304.366434
89983,145440.548562
46104,24233.255559
82965,128493.536896
150083,152498.733451
61996,66040.4750009
159343,148586.471624
66510,99586.9599115
120373,205859.599571
139490,107618.337869
70539,151944.801991
79478,156100.454802
94624,77652.3430156
84359,93287.3810807
48531,74566.5891151
63708,87815.8128453
52559,92405.6529114
47836,91833.9533552
34444,24230.3490183
87891,228213.981666
107235,197400.507022
67081,44931.0470576
56829,88659.3365174
77244,128040.260745
76347,111953.202197
62554,130058.021005
69010,119504.270495
71833,113716.108591
77953,131604.178826
138663,265890.899098
102206,148430.969819
119845,234580.334147
58500,77637.9125073
109562,185933.736674
74290,62074.4363848
102584,129212.286168
73772,196005.532353
50818,70634.0230714
50667,70634.0230714
101761,93923.0836973
55005,84995.497382
72474,57187.8535703
94147,275308.481664
189940,613974.997799
88370,117640.955823
69921,76386.5761553
71313,101556.803815
130145,124827.309909
49037,49058.2140672
57534,88356.5293313
41861,34033.003358
139174,51203.6271166
55219,156709.526582
86697,155053.639933
105724,74989.2992352
225891,327490.771291
647630,452879.655658
192274,199286.784997
232119,265499.477929
288960,368733.552434
324370,290818.270538
313036,368659.344854
164134,190149.364541
102746,180062.219189
153127,139184.744435
282834,311357.825838
122661,169898.36843
100189,430380.653981
223729,263303.80533
262045,279618.684385
262290,251375.306135
62624,155159.951184
311627,310053.576611
133050,145444.142042
180425,267310.065681
295168,328840.026428
174230,268284.906907
145431,200198.419978
278558,342514.654254
265513,251375.306135
207942,309225.766266
113232,165113.175778
145891,144012.049245
305624,380458.368334
212833,302485.862471
169105,325170.089169
110792,167270.742095
118686,143355.123245
169028,165183.597288
161918,139710.270549
243399,310851.804035
128129,178814.424076
128129,178814.424076
128287,178814.424076
128287,178814.424076
179152,258873.430478
139900,145444.142042
309245,224187.848561
635645,436434.695392
121287,152766.354308
176808,282930.369414
297641,365231.607716
263817,234046.774925
273353,267093.47166
130785,143228.383185
191060,264169.309472
96248,159990.263635
172968,256381.052197
282272,300577.911485
112756,153051.214857
138609,225432.04993
77271,156191.720854
160222,113067.997636
168900,264169.309472
764968,528398.488766
174125,264169.309472
186863,264876.49441
125150,165828.189067
183632,236089.323087
127198,145444.142042
167714,257236.817235
289566,454257.549844
119074,176257.145666
138039,155233.974924
215251,251375.306135
214272,291156.983346
123585,162116.183186
174105,264169.309472
126721,280019.674016
174012,158001.363933
175053,262824.83178
133794,179454.698993
98186,129547.898485
226798,265791.721053
83631,147589.646165
148947,173702.667654
298144,365484.611852
178879,268284.906907
178900,176433.250904
316967,327915.060206
104783,219565.492937
235666,263303.80533
355752,475838.269876
221409,284893.290902
189419,181685.893645
347922,332124.285897
192022,256977.70508
215607,269851.06263
453188,452104.743998
256114,256580.489616
310226,341896.577321
240736,254957.451609
315762,300934.812172
467884,352742.424679
191194,164581.591494
197450,215337.340402
225712,261692.986009
304043,318156.517095
271871,312568.170937
390083,427453.057439
241711,235754.286992
225933,308448.550447
391617,340826.147943
453011,382051.309681
725440,579858.793981
122118,101709.625888
215633,261216.694554
269009,300305.32687
255676,229839.694822
152399,202304.556765
348087,296138.838239
225390,247854.47237
252456,258621.302972
634939,587099.544539
119418,250340.654223
478570,343227.772367
196251,209680.018597
209215,258419.913083
158036,131599.879441
347214,396166.692144
169557,197834.738576
203696,218940.066791
211919,258502.593497
217090,184489.251741
1147269,757661.750727
279904,251162.056351
266654,279243.248995
478589,263449.907202
330601,314855.619359
194085,213764.818497
283238,346641.294924
200566,237171.204473
240189,307463.38998
222039,140325.827572
295428,292361.253384
186789,204729.298774
237026,250985.534762
202876,245533.514154
213857,287046.341802
235163,302916.894027
155985,219252.902739
205460,235878.43032
202047,192042.18918
296882,314003.786724
507142,382824.799624
269871,338187.478674
197783,227432.332881
214308,273031.373667
308122,237148.462318
224731,215473.57334
226654,178496.703454
335708,366656.917037
212394,240824.052801
210858,304576.481066
188959,235856.601
565285,401127.278067
235521,295463.924514
410271,342455.460514
253287,276334.930014
224301,184582.756754
161344,130368.668528
161168,152171.123103
127454,186407.404712
109528,109710.348847
139682,172494.198482
195441,182154.71419
110648,130429.412681
195929,274702.521731
120781,101824.693958
120086,112257.271361
142542,93899.5340888
104179,155172.055245
183470,162565.099717
325631,494287.331588
155573,176845.103562
87764,83496.0257143
109096,132105.40913
120970,151267.59563
144961,130850.091002
141043,126586.931283
305608,375259.345912
205364,299922.073911
121166,100377.136321
120530,126107.414726
251056,271478.559662
165834,213026.904285
159215,201889.172905
104549,114654.83005
102427,82526.4566129
156820,220930.658267
169477,186632.165496
210338,283513.384047
165033,99355.0380429
113595,206742.50476
138312,135663.935561
194581,297555.019072
151744,126652.088234
127886,160064.80738
118943,79262.439239
156038,122859.486159
155231,257737.477055
131625,121760.00067
204044,310775.405379
128680,140745.523948
195908,208123.195603
156540,127361.060384
184204,222462.698219
104564,111058.120418
169093,174931.008487
231579,288744.060561
146294,136357.107816
248421,329686.521724
101123,114052.311238
87176,79652.5329395
123039,114274.089323
162205,157936.475623
125561,104435.297002
149558,211601.269862
148098,129291.9249
146300,195485.239485
311567,463091.01468
105003,91665.1632503
226573,230317.034417
95514,221626.275484
94355,83043.0730308
80591,57295.2223435
81592,126226.768977
46901,218747.646073
108745,118369.462235
73267,69748.5022779
90155,106951.448872
118298,141139.224666
62462,38195.7716245
64736,226122.573411
43355,48292.3497445
100784,91670.5043292
107712,197488.619165
69854,48292.3497445
109362,147161.920211
78088,98895.0876409
102864,102931.29951
97693,187410.223938
108865,133729.040892
79016,86673.5093203
80879,132426.712827
79581,110762.181081
118416,171974.413092
75215,119392.780663
87571,158556.666077
70481,159205.154612
88304,68576.5664052
98699,90796.8404807
110045,70800.5100461
109171,162133.636371
120036,87551.3049927
147590,175140.548101
66626,77013.2325869
99096,168790.16269
67437,71930.4765905
78249,110811.272173
138096,216225.42141
86037,104319.834705
89042,99517.3187386
79654,91687.5355132
109108,151785.008048
97377,106033.612737
90840,158556.666077
81405,36361.5410563
79064,79560.6854097
69382,70581.6385012
88650,230960.294435
110841,129823.525311
108588,147970.320574
108865,133729.040892
102008,157256.676
90563,79767.1216218
84151,91232.7612395
88717,67396.7192687
85763,27076.1599542
105217,121911.124463
73180,221526.270968
80070,191107.938503
114276,145186.883408
102321,156116.217124
108762,128144.854802
111879,94641.8000713
119150,216011.728628
87947,97192.145299
148785,222448.538747
42547,87332.4334478
77782,86929.9185502
102358,129204.828989
181531,138558.486652
140257,179237.961656
152690,178278.83664
110811,187426.222298
53460,26624.0668024
63456,40689.8808614
167001,161492.582411
58492,53300.3839378
127662,95398.2493052
111706,113448.372581
46035,90665.1579142
109754,85091.5290972
350164,328919.254028
139496,208923.753618
353938,321808.836114
551663,363862.029091
104756,120428.891135
417305,333218.885223
107378,165283.213312
506007,349038.344823
66964,86390.052976
348156,255107.928509
308895,353371.237365
280907,243287.914134
142956,152476.403765
254003,236117.959892
333570,321098.208212
54509,199877.316584
207349,244511.645091
230000,244316.144429
310348,301004.823228
364211,350307.035736
101035,147770.66555
103752,176717.1955
186488,125960.070122
329955,255878.291848
108392,130302.310305
202003,247980.336205
230398,251757.776954
113634,165915.468399
391023,304511.004732
148207,183565.047998
348734,341458.454784
177359,234870.224197
222384,403569.387583
75488,150396.958321
127761,160635.785792
403052,346749.3554
339587,273335.208698
53246,225598.79685
169518,216408.015255
119959,175393.085184
279409,371610.565755
162865,165807.987847
358424,337563.247013
232771,282190.447822
399900,329696.295584
259045,303483.047591
267432,222637.857646
290022,374563.562328
386183,374715.661012
230274,341525.423612
184975,212546.470799
161434,196678.283796
277521,327963.349455
255121,250936.556146
334283,363278.035204
150879,193723.51794
339524,362360.199068
305875,312177.072601
302215,358929.583447
457962,440285.329664
425464,365565.19167
220295,305401.978408
242417,286903.962298
393448,344949.13091
328256,339597.890375
325987,344238.966346
381434,367365.257745
373680,381587.512754
737577,1061216.91409
313251,331015.605748
332315,370144.140559
273348,338699.03957
354844,346116.981435
430813,387859.44785
305217,293924.943064
376063,302953.915347
274139,242985.620352
361570,341891.20619
317338,261067.823167
219601,267359.941435
316904,342403.294075
291249,213416.388155
386251,327253.287913
270805,249748.738572
339090,391638.210251
380355,377213.286979
175510,205577.809556
388284,397776.532978
447302,400658.346064
226979,202357.756405
392205,378729.33668
355235,380764.874591
256374,302874.46331
350947,339597.890375
325979,302170.856202
373105,363464.499417
199758,174032.537864
369503,345792.254713
332294,285076.042783
327785,341277.786367
285244,358057.043057
136448,168628.58207
383284,412522.760581
370076,392624.285877
288933,257185.758449
310356,319195.781416
232783,279132.41834
311233,273802.381764
208678,236460.195552
334360,340342.505022
365189,418984.247296
557243,437556.59985
361998,338481.083149
268425,260298.560856
401303,305017.728184
334878,281851.157204
209037,229407.760035
319681,350487.290568
332977,315577.990629
340616,377112.92456
426214,417055.967757
353622,344190.248396
310562,319471.718171
366423,344190.248396
475102,449131.986268
266109,314910.563776
359305,307009.972984
282469,211324.778512
293165,281013.036721
257628,188495.554739
273529,219146.133076
584781,503302.497405
288584,275603.057618
337565,322151.240892
326646,281091.841565
796761,699162.958798
372601,352583.911224
418539,396606.545536
441370,356384.2345
252638,229846.948982
715841,617895.526414
421008,419548.696319
446297,454497.079283
871097,476121.36593
311579,276695.105849
276196,243145.095872
470071,470810.945952
335342,362610.131907
257805,223844.749527
280357,232313.653961
525497,486887.13154
321841,351003.987374
1156876,464498.77848
494850,383930.677213
264663,288011.626724
395314,385231.485285
783314,538561.161973
675081,564416.749516
348869,311468.039083
532398,413478.177738
581382,512099.709156
51903,113891.578433
424071,407156.061051
223602,265457.572251
204693,134112.251536
88509,114642.489021
775337,604718.597408
245747,280087.376652
495280,392326.831384
86973,114829.269853
334642,304354.713874
970558,499175.674814
589229,400281.085588
588874,549275.808591
582464,467942.122251
593112,546151.520829
147118,249958.610258
574860,483151.951079
261177,330476.664606
184626,179529.300657
341894,341026.5706
339540,344808.792618
555120,548743.436319
514358,562409.60066
385808,477792.504771
293907,302748.28481
410720,409315.163608
330883,273404.140217
454800,406442.588711
251197,178572.333209
537874,522766.066153
617340,419862.296081
289303,259201.912146
160964,133174.872439
185297,145991.890326
306160,219604.294256
185244,141613.616939
287398,296565.02199
147548,157922.62945
326691,239319.916519
204797,173741.525591
213355,166473.151378
182172,225403.573205
237601,260140.166371
613292,291600.641955
850710,553632.79912
697081,460040.67152
188844,258446.741819
480989,369057.895505
238193,189632.524731
646681,509698.146018
289068,266827.799339
594711,360234.694785
734607,541634.354344
470371,190281.297409
174645,161558.568663
548862,415857.638332
157088,278899.655224
277613,258688.286433
409949,397226.497243
86531,136680.049028
925702,678854.418799
197114,250298.115866
152801,142132.582081
197084,219452.866021
521174,302177.973059
463464,324269.042075
274015,190815.41712
180589,202457.976288
447576,397812.123771
247273,298162.493863
637917,539534.093099
233132,340650.487087
132889,166945.113355
160519,171870.625128
136497,166896.185652
394793,315830.77953
344816,493314.289704
607935,554485.941636
923643,544255.759229
219017,168217.844463
365514,250099.560429
304933,213002.330747
124226,204910.293334
537106,473857.538597
891382,546041.419255
308698,272157.52698
408138,347912.318082
173832,190782.003123
193564,152416.743276
491691,337723.829825
193215,238992.110457
796261,604694.577082
463912,293204.23972
197340,131844.322617
201888,222343.987012
179094,237963.661861
195715,159166.532975
169661,174037.376829
235870,272379.465322
257907,246186.127255
175678,203097.334822
666238,428626.656325
351375,312778.374732
337010,283178.008253
314825,343867.446349
232895,170658.375455
648460,396331.635736
764919,468584.008184
241413,367096.300703
127726,57273.1637878
122771,117901.826323
137785,140792.55861
217576,249367.239292
107589,72286.6288167
152028,184637.422156
98603,88287.378526
89915,72165.6718366
122282,41804.056173
108160,89263.5723965
71942,79648.2924012
102851,45454.1003648
109753,73407.9390311
98866,130076.071572
151963,170360.619113
100588,75863.1220503
84834,86042.4791879
134758,231403.044642
106125,85343.0880052
123388,77248.5095582
127932,63605.4428247
203255,253572.521958
134552,84915.1951804
79951,36870.4607256
69143,85127.202787
148713,81426.6118718
69638,66201.3689719
83354,54948.2827071
103349,74785.1248881
114315,83221.9303581
129782,119306.163996
107824,98656.2505299
118886,109564.318944
61579,66438.559887
143471,167239.032322
83056,64580.0012712
83468,35952.62459
90085,61062.3217657
194197,250638.118605
63290,62744.3289999
199258,254309.463148
132774,114645.032253
94663,132946.552373
121066,149150.397309
44314,36870.4607256
206105,252473.790877
119824,190141.918942
108517,170479.674311
69131,36870.4607256
119788,120913.660983
191529,249367.239292
140326,90203.3404495
114569,201706.232803
62589,60606.9247994
65389,46230.4247325
115201,74822.2819452
111536,130490.981058
197492,222112.889649
90007,72776.565947
204353,249195.09106
100670,163523.276518
218495,248449.403157
133986,59730.7239924
136842,71407.9925279
82276,36870.4607256
185218,231775.072113
121207,103594.55743
220507,226417.691239
111086,92660.5871392
135794,121621.929313
74140,95554.4579699
157109,113162.403159
67790,56530.765231
134383,130269.325863
68383,42974.1281219
214567,269020.579967
77613,35952.62459
165806,115654.690065
110801,130908.110899
82103,52429.8833725
149676,181430.744734
105478,65221.1664023
87489,176127.375034
80563,47822.522166
91614,37788.2968613
198161,253572.521958
96812,98053.9521907
146053,94442.3501032
191057,209634.815165
225949,244440.454893
192551,175328.236382
210611,185131.921181
155916,103553.390929
177888,164558.06327
252573,252805.789806
223821,262460.200288
158574,180137.606004
188532,221676.822198
176803,170844.433806
227817,255225.944186
186568,166728.22441
189562,174798.671616
135981,69028.5867973
232856,264837.987328
244231,243694.766989
200865,227177.655913
131580,161858.160147
169100,156689.696539
107485,116995.763303
144045,158851.053494
187532,170658.295157
257698,193155.092887
156866,201253.897813
184795,160339.286754
239356,248111.799435
170131,154512.938905
186979,184437.963685
264987,316544.502513
202108,173620.754241
169008,168299.611086
166578,188446.002986
194855,216335.92865
167435,213666.869095
168329,115262.637951
188690,167729.783362
172889,99148.160077
152589,207258.621769
173105,156566.548516
253052,295408.415631
247420,236798.026968
232949,256811.890077
194073,246739.425656
190217,141235.453473
127044,125205.47418
200036,228100.11615
229138,237832.42064
189394,189955.03998
193279,224125.934658
196827,266519.2334
196000,181316.481471
164951,145813.859381
172858,140774.174693
236016,257729.726213
154913,114606.403945
170998,253295.978076
256476,285760.453561
147224,206865.393807
211614,194622.904624
152234,112661.47807
198125,169545.754539
115960,94470.4217564
166974,191489.50251
196271,219451.935405
237360,218476.996474
184089,181658.63736
183820,153395.547175
129472,170281.769653
196008,191601.883255
166478,195016.1546
68279,64695.7669084
176595,179239.535201
130001,99070.7937617
184881,163255.073222
172085,172341.919183
119649,106295.047889
185777,195669.046527
151708,142981.790003
146474,143345.083052
243234,225543.756503
166900,81790.222216
166344,155602.263368
179579,171905.798678
160785,191332.881376
238194,231505.204426
160755,189259.537667
140919,179995.207989
193194,237035.88459
277159,300558.517912
137770,252265.270687
179689,293781.277845
278239,398428.878512
285662,367449.124024
127042,201541.987204
189423,245152.145178
308457,316975.706108
231813,306149.362347
194103,335221.46899
160901,211726.133218
202271,306174.943932
173281,251372.736341
142901,219687.558083
173257,236519.042556
200271,303123.819087
318420,379505.513212
434885,446582.583572
143452,229528.816552
162478,194971.123048
128960,181227.709042
264900,236599.899429
140452,237535.47932
200345,231708.225237
172107,227529.132308
217337,280194.001951
154403,230254.949129
142492,201261.188169
333315,410887.372344
113679,194630.251575
134558,210399.797242
199830,266139.796704
573803,553366.856738
339756,375664.804049
199956,277921.731998
152078,212140.098897
224630,255988.411877
257401,389536.248467
148616,179336.051118
492486,568238.372183
255390,404955.072186
166385,195719.43869
187793,310194.034167
208369,293475.562176
213469,267349.022254
167812,231915.983141
204235,297818.148822
140193,240150.840461
393197,421983.343224
156846,211167.582793
179611,249380.878024
207417,215950.589451
428361,404120.664877
228277,250009.029505
188341,224016.771833
560912,563860.301524
253461,371706.75059
165096,218675.65881
179774,215990.803388
142049,179749.746345
141589,182070.447888
171403,246094.923464
194086,227441.155084
139240,209652.302319
196704,292068.22232
368769,461440.653403
166000,243958.285501
144841,203773.527698
176655,235352.770908
181812,276334.269166
229571,327496.347137
184017,246669.51591
154811,207791.894188
374351,480959.605938
343692,380455.242176
554241,618075.403259
216738,279030.658055
473175,466158.723536
306821,418473.197335
224069,291871.189523
324869,383764.225101
269925,378075.243776
195359,244660.006371
177474,188902.843027
179147,242157.358169
88830,162882.179568
119763,88434.0470441
85393,72890.9935478
64359,153580.138911
61002,118187.7481
96940,213362.539897
97377,111014.511174
96903,118187.7481
170923,223201.347524
162727,123674.786718
103261,108059.639765
133164,134800.688789
141926,111895.134263
104822,120574.619184
98898,131286.037883
105142,131540.13762
105013,103888.765749
130608,231205.558786
107879,269075.205448
128119,163234.664245
139705,111986.52436
222671,159221.051701
77556,153580.138911
139575,261451.364715
95379,111917.998228
142276,141900.004785
55241,148812.507779
202257,336284.970145
152472,165224.067842
143251,119292.02833
84379,125950.44448
150062,272146.113401
59458,120285.649729
168683,161174.944261
130299,101925.55506
86328,150142.993651
121193,203735.501943
60085,80741.6204084
125917,128451.468886
54345,118666.668197
115747,140112.43304
131565,315314.124933
125996,113370.3831
142354,242310.668408
110955,113543.414574
123781,264989.354027
70495,148812.507779
113590,92927.0385378
56870,148812.507779
93509,90815.8254215
101223,155766.245047
153556,192600.550369
143004,124183.473761
63443,118187.7481
140776,144185.710621
96922,201340.678279
101998,240708.776961
93957,120574.619184
127689,78944.0428483
90396,113707.949975
244660,200414.84371
167171,228417.551082
54852,185740.492409
363279,341089.928132
231847,236648.502041
143555,115897.344483
86357,118187.7481
115702,162882.179568
48866,118666.668197
103311,166971.126518
123670,236754.105777
126585,75653.8479113
91347,120350.560102
75627,19703.6840173
80127,35242.3678914
140285,109426.534891
69160,21512.2342104
131505,44005.0324039
122244,96575.2812838
72291,112691.200291
78315,218077.925254
156840,263510.556822
122212,82163.4058161
48438,111216.26828
89764,66719.7149962
78937,37328.6998741
124804,183427.23528
94005,37371.4304581
82301,11429.5931444
112528,155467.50287
103642,60636.3632733
129384,202699.023513
168464,121422.545556
134576,214548.259724
92054,37371.4304581
77001,-4448.55344377
99554,90357.0728029
63712,102238.798182
81364,11429.5931444
145646,175590.282927
385694,460141.874281
105167,86250.7248057
175160,355226.937551
135964,138943.649223
158395,249992.266516
137989,239009.338469
70626,20111.6361939
100016,128477.483403
72588,20897.83717
115112,47093.2207166
41094,76230.2291919
79388,52250.744745
72010,1098.40689165
85603,87878.9086107
69792,86250.7248057
88000,84548.2430336
152400,146270.498707
52740,102909.321153
190203,169042.99244
81682,63536.5747261
77086,45958.2527097
93078,20814.2947552
112795,72483.1827709
109090,99817.2763457
96177,58188.5149536
93074,140431.717108
136161,107604.991199
162535,-43346.6496154
88125,60119.8275966
74879,20111.6361939
74879,20111.6361939
73720,20111.6361939
73720,20111.6361939
85997,18086.4259378
63910,132161.203757
85428,32981.3970687
55703,131766.057153
105258,85929.9615488
72506,21541.1551134
76328,137025.960506
81445,11429.5931444
135567,221282.028557
135741,156980.661058
167288,192109.54401
71921,86250.7248057
87187,21272.2090526
73796,14779.0742578
134894,50355.791447
228793,376858.937242
76093,121342.085515
169403,257300.713253
205547,291506.56717
202247,285998.437851
110369,195399.618756
212597,307219.544706
80951,144972.660005
174913,232523.592369
60610,128134.22517
75734,141727.067947
107913,129060.656229
184919,282548.721319
77414,180146.609863
84684,87409.8742959
94691,244865.337575
85623,145519.838867
78788,87098.9641512
215501,242889.363332
80855,152497.425394
78536,88949.096874
78310,111711.73754
196693,238073.269929
215641,229164.816742
90525,123001.625148
93501,134126.775032
82152,128652.022356
141973,184691.062483
98880,144210.26565
99098,151711.474532
91130,161323.657004
128387,200024.972322
187237,260355.81755
196088,243836.004555
211199,226083.927094
86920,114723.750498
169285,221367.01181
130971,199575.792205
203322,312295.782061
77449,148631.58335
128175,166725.267944
296917,344627.905448
94338,124837.297419
130125,156014.1779
201150,260101.407022
100449,154350.250651
92126,143751.127066
197996,234615.650735
214858,229407.943452
250926,313703.031269
226255,253260.106437
93379,139142.398697
180380,287305.123997
82634,152406.322949
58905,90481.1976881
210117,219869.774648
54509,167954.991758
137475,182678.296133
214215,318850.59142
233903,316405.027827
70823,137699.773686
228758,248176.589185
229751,315510.515884
284615,351240.67352
101376,148052.071066
49667,39915.0148016
182890,245418.368574
200673,298046.979764
75212,115975.08685
124352,191724.523018
161924,255485.293769
59197,132390.452715
120568,263321.72397
141217,242075.981373
191030,219851.224418
77409,128645.262409
233838,370946.392456
81621,128888.507997
130942,190578.518241
112566,81690.0224326
149934,179287.868604
206017,231450.276067
267326,237500.402302
133583,132276.964403
136449,112261.020538
114537,163467.786559
128694,131635.654371
145962,160574.863726
124374,89567.3945528
157669,140289.861848
147489,107808.371931
109009,129198.905407
236068,256281.005205
121797,73779.909054
101636,81249.9943188
226213,210032.314405
132763,113389.212086
112862,108759.543403
153569,129830.371496
108738,54172.3024095
110853,94128.088175
112828,107843.980751
319290,301576.542033
120436,110574.600684
241617,257198.84134
130647,177701.37343
138423,166600.440765
359341,397745.629434
122603,171422.651073
127672,103144.480497
115447,84271.7468918
116493,123828.344663
143154,203053.045318
94994,125259.217599
126536,111081.526459
117512,130208.180892
166103,153808.555332
124433,162360.651399
94703,87718.9204565
239828,262499.301272
189605,149560.170474
119573,154371.549057
84496,97044.3543695
116736,139330.302424
123539,101707.371521
117960,103316.905798
132352,123381.23462
244751,315540.093513
116906,151312.831282
285215,311659.740125
114740,162667.789279
102411,51162.9102874
117475,110685.413957
110742,168505.862005
119130,146241.906156
254280,298157.010869
128719,127615.43454
164401,196375.358862
95211,99048.0908719
160754,140326.447258
100009,99764.1830723
109889,154821.821568
122775,91392.9128165
123233,133197.071413
91416,51093.4739095
121851,68415.2701059
110400,95582.5747756
92049,144024.884345
142382,143809.751122
139991,188518.426118
146847,156509.390975
106824,79277.534829
290619,300193.71988
97186,60866.9410027
101985,171064.284347
294663,277783.286948
128945,149009.487162
108233,116539.838035
60345,82919.7615473
78555,55509.7986745
155564,116479.329993
67583,103978.035056
132160,173968.09812
121701,101262.512452
119420,177652.040418
161043,148252.629394
137853,166331.866922
87320,78977.8797121
142391,162856.206301
113999,74807.2708591
151404,168935.185452
148847,182200.525844
56006,141661.770604
81378,61679.3609293
160879,124612.21619
132424,89403.8262246
79305,139211.395146
118504,87348.4298616
128898,184278.280418
76324,76344.1790213
99463,100769.841955
150433,113660.664635
156181,123475.508509
72791,113363.867814
85887,65587.2118942
152921,191796.722889
78616,206740.292686
44895,101523.842861
75415,86842.2160799
153002,135667.515564
127833,78614.5527309
89679,269437.877346
86161,69804.3306267
155795,151973.445657
133882,163806.752608
143109,146429.609982
32008,81917.6063204
107951,169766.04453
161667,97696.2090696
99070,131678.402994
89228,98515.0415995
111819,112207.953628
96812,229488.689825
159298,126544.039817
115769,104550.979763
88658,47293.4896985
101844,232199.273277
64967,123726.975799
172834,189773.423461
135049,350553.1504
108485,96623.0962489
92074,138828.992007
90551,99277.2706958
75770,86266.5501617
119623,145182.819775
147673,176988.517495
116676,165008.640374
75151,128152.572187
64458,81068.5484495
69397,72313.4359093
72236,79852.5701721
101777,110459.069771
81086,59141.5416683
115072,220417.550564
163039,161071.828081
66962,81068.5484495
115533,144311.035856
75477,98144.7441727
74043,130110.442614
58327,49471.0418001
140459,141029.868413
173922,177471.980634
89115,56583.9585228
133235,103586.068219
84761,108744.409814
240193,244789.787877
89423,107395.863824
79970,128993.690382
79900,75265.5383876
99260,162453.753058
90651,132451.901534
75260,99763.9049034
92581,135108.911186
337435,324302.051582
119323,266791.910689
264621,269024.357293
93048,96674.5286937
375883,364236.843213
43955,97637.0823719
300443,265599.520029
84415,105362.304672
114475,290094.484394
90313,190027.457804
268595,259576.801349
275614,226180.578606
86646,67850.8322859
115713,208397.421063
104417,225468.896968
87555,107676.68638
102184,187028.032499
82194,64257.9833797
85944,125331.595591
47147,56032.3265134
76024,180647.374971
92449,55924.4215447
73269,128537.794242
89890,107790.87633
131961,137828.17986
91035,136869.753523
83035,165275.810901
72137,101248.002225
95885,136198.961326
88684,104140.897079
117170,124254.6935
300689,266550.064329
66244,159540.514419
69835,102720.201563
98035,109346.329395
285223,245301.113842
95525,160763.142097
135092,235957.1829
236626,212836.433083
89626,174924.318226
117662,160953.151156
74811,96068.0281059
221115,236569.790088
100878,118597.41606
74902,83214.3499722
110975,194332.186619
66619,203238.107426
148218,214985.935683
74277,63078.1678442
93987,191679.487941
96898,217485.428971
96595,113297.893144
86652,115133.565415
264928,279527.202732
84749,98131.0208846
92745,194793.97942
96297,167729.265613
72452,253964.654291
96652,153279.464633
253388,249434.464081
117502,118683.58081
79261,121870.230335
103169,180985.555657
79552,88163.7130253
63498,57437.2004364
84354,99160.8305204
90338,118325.578168
102195,196254.781366
110344,202032.093445
107332,239875.398881
94733,187799.20658
112020,102069.266989
53444,46988.5567189
112350,67081.3305669
83627,50340.166624
57487,3066.81947277
84916,105391.168818
76888,52447.9333563
60524,80422.2787168
78592,44318.5321539
120278,136771.501741
146554,201413.388802
351505,269578.290307
53691,39784.3851451
87719,6047.27237791
81259,124223.66308
80267,24835.2878116
155324,79996.8942479
119466,59451.0315005
85462,20105.4890678
97263,20890.7133857
74419,17854.8807019
161459,90875.6720334
90593,18272.8183143
73656,184676.952312
67494,131015.802735
199068,114276.846846
103687,102774.133571
96176,42845.705732
63022,15170.0179259
113432,97217.7099779
69470,36340.5937261
123014,84243.5248983
90204,20105.4890678
137003,17690.4856071
130344,132485.323723
74819,49531.9926178
78414,45542.1311279
77408,10003.9921426
118374,121712.641177
58664,29991.7591101
107579,27390.9625082
139919,55546.9972881
72367,47416.900899
175361,109019.094364
71863,20105.4890678
114454,59652.7529767
153192,183662.96353
68590,-10831.5236265
114925,113459.490831
75664,10003.9921426
99466,67240.832356
131000,139103.747236
88426,104565.591962
50733,64029.7730171
113607,52675.0016622
92839,50705.1553935
96791,41117.1573754
112083,108027.050648
156339,103234.326162
163687,112778.890014
90077,24113.7693361
62056,5906.95665707
111693,68607.3687584
73963,11990.1034166
121067,78433.3558793
66620,136600.397697
81488,5137.90709716
84728,144077.23528
57813,-10451.815724
116588,91154.1362153
152250,308601.467807
100506,81903.8767714
69157,18373.5840856
69157,18373.5840856
85033,68626.0754594
100570,90893.2953422
100607,20105.4890678
60079,73675.8062225
91762,49734.1079193
110578,168743.386077
148728,132711.15089
157880,-1734.31073309
95174,59897.3912277
125316,123876.184216
113805,140540.085505
84150,285061.442048
93083,90816.3844601
103885,135900.171507
120690,236891.992587
444246,275618.413464
545516,295275.414241
115976,191395.575215
132378,109204.386808
123912,90034.4861923
107741,212347.367373
121186,215582.791157
109378,172808.147488
110038,373421.879859
176826,246178.707104
239565,280117.921107
111816,147994.70644
79229,106435.369735
66212,171688.435614
110261,172808.147488
612945,267360.281136
74739,77393.4638153
476965,312983.488739
425545,705813.287438
613687,329654.686498
207452,141519.859324
392236,260889.535828
62939,79562.3576998
87306,92125.3696309
95935,118132.596985
176898,119272.477872
61155,43695.9113972
90883,130409.468766
107989,186691.778114
352024,175027.949837
66881,93811.571407
337696,331259.563849
71827,40257.0575951
246591,383616.663298
65352,43971.7362506
298708,387393.306013
137556,265140.304245
197909,154485.467443
257752,252365.340197
117758,82987.3442786
119699,162493.168019
191125,188928.340372
100670,49115.9844075
74050,96635.5361983
205671,175485.059596
308753,380034.337114
203362,165502.992145
289486,194057.081288
71427,114362.75315
400275,210771.245981
265757,319991.633938
81751,83700.2109913
348505,163456.775023
66835,79364.1270616
380080,276295.028893
229403,284148.458658
589334,442310.817668
261177,98842.1264311
632065,329147.640154
290314,303667.70115
234409,205299.078725
91173,92123.476122
194342,232243.183406
119337,95134.7150189
483393,512482.893509
76984,49171.6905962
473995,396852.507244
202957,95144.1630919
364397,228112.074733
45642,229000.254526
377108,278387.291968
359827,231787.556934
581205,408974.352373
356031,290332.45554
424568,459067.96138
126518,125184.192346
648523,419455.781071
494685,442881.58675
40038,95289.9037536
522814,327240.8972
1292722,789560.978033
255352,166834.310726
255352,166834.310726
255352,166834.310726
255352,166834.310726
526334,402077.813211
261499,106930.028215
344337,286249.618484
159348,175647.044229
362088,284168.77657
451898,341080.926049
85149,76641.2462278
267530,279833.447487
772080,459731.253617
147436,182894.35897
302093,254862.387546
325136,227146.355489
316997,255823.320024
470550,312949.267965
362614,166305.002448
74474,140264.99315
185765,283790.045404
257908,111120.344164
230253,206791.420552
60707,68699.9776952
128832,130404.985936
326788,288526.682134
392236,244544.234852
464043,318720.455547
249790,167477.53504
405278,344103.005563
325702,239323.147712
446286,328519.464329
432997,282112.229394
554503,509599.935494
208464,158762.033589
409684,217357.921953
162476,258332.440487
69755,122382.325928
370528,272587.634656
421758,324271.566209
419261,213678.101535
68721,115987.511805
284047,206229.998162
284047,206229.998162
129932,91827.8246068
443212,155825.80119
440715,375477.92829
230153,166978.114087
251338,199654.84751
262635,192039.559039
294122,191732.586646
419349,298756.950232
256669,190751.745749
158932,267996.144674
318798,275894.007821
408002,316024.686965
316387,254795.20929
274614,192608.05302
71745,98170.1303792
376914,283401.576982
538523,372319.178652
280778,221470.873278
177942,161324.201139
96243,99764.5858455
127026,211591.175833
188811,126676.959471
64192,81979.3972268
88098,117228.208283
163941,95962.5584418
75570,68654.4105529
122684,143727.814471
152013,115027.295872
125869,219910.580897
119731,80614.8449158
172942,154091.962199
135497,91378.212667
182608,159755.753384
61390,72124.8782746
57083,90517.2098077
136010,145404.256058
161290,98113.7588378
44523,27527.9254094
119654,86732.4385046
120165,177963.977775
123510,91307.7562827
89928,127804.879449
103276,135014.241557
74904,138773.169418
58576,119561.94519
158230,94257.3292394
152232,85961.5758264
87584,116829.444581
153891,116603.21148
197374,180838.616197
90279,103677.608928
92553,172446.468629
159033,94871.21329
101636,164047.639951
83730,109119.088163
111930,151627.113675
91776,155552.093927
150038,154856.617606
199863,126224.508826
182331,233989.519734
82330,88906.9104253
187320,169577.247103
65506,76297.3005273
100699,88906.9104253
156932,124581.530536
198456,204825.106203
86712,83815.450126
148050,137039.487963
166666,116419.568128
82249,86872.5299902
66148,6456.29304961
70734,96650.5318692
168512,153991.730292
67337,114987.008039
198895,153766.117611
164319,131393.570645
177107,112649.660773
172539,139280.068025
176115,120435.749874
200049,183943.34545
149097,87691.1828933
155626,217118.450357
102131,85716.0395564
121942,121443.36112
108384,220588.777243
95216,165827.479994
87122,102756.866252
112160,86789.4126167
76246,112316.757842
96049,146647.352134
80655,117555.431391
81993,102743.003352
62927,44568.1891209
85050,92332.0971724
68252,83642.3923289
146607,272236.733645
125860,147320.046581
159161,161574.995984
242639,177673.946143
92883,92934.6159848
266118,276085.809167
137332,239906.238183
99988,92332.0971724
101688,126011.92858
116562,104753.679408
102889,78919.0400181
77392,74932.3781522
129636,173171.81054
130879,168695.81683
436837,485843.018574
129921,134893.153142
158771,183714.996796
307105,174398.026126
286264,177759.409683
170802,216517.427053
111090,88381.3506006
189970,249439.773322
206614,111231.812859
197226,202396.11673
94351,153569.410867
43770,212956.889274
119538,121704.49004
99337,100587.32296
112795,141274.980804
195413,363159.527183
70039,120158.71213
241400,200895.012399
101400,100864.809794
89191,92977.6530428
197070,434396.404515
159745,246131.382148
227409,175557.183309
191771,255083.455265
142382,203505.068616
91353,61737.6237458
360708,168674.908606
113216,92977.6530428
273619,293440.201329
223438,313800.068212
330763,351284.140355
116994,96921.2778506
279415,193625.07787
127282,125592.366019
178380,260274.479425
125188,111551.241394
76077,108339.197367
102579,138621.778271
103310,142541.923117
77550,115992.776418
304277,138603.708319
62274,96538.1993801
144957,168992.846625
175583,365320.901586
178280,190183.946532
137728,239649.500951
90734,87313.7368715
201069,183336.837131
106279,112178.055331
113912,135639.249924
118800,174333.068277
168835,371079.630708
97630,84659.8472359
216847,175803.809307
97142,177814.214134
147436,193971.543263
85959,39727.7927468
103297,108843.224079
168679,304427.069257
142026,150067.21096
189900,211286.444066
128842,346745.402285
265388,209002.959474
235167,213884.736031
105661,111525.419159
215177,114497.986156
248524,263936.776622
596657,455816.098284
287124,319527.242478
132455,266782.106705
342652,224084.488203
378503,349948.383159
550408,410625.356236
330299,310991.252228
373491,322897.891249
84758,192676.770501
279463,310991.252228
186272,263936.776622
130892,225853.127814
514481,412461.028508
602543,346506.626479
390272,287426.899178
411749,280050.066111
775101,540547.607892
221532,305238.699144
348514,274467.200681
134194,226525.114145
122122,226525.114145
134186,225977.935283
302840,266527.573184
318953,319652.049946
162940,266906.914173
264987,319652.049946
630509,471647.089175
270791,264061.58409
444661,406417.360884
507645,357590.844876
226909,213942.455563
648797,472344.225349
324162,201448.659199
374544,364485.699841
374544,364485.699841
374544,364485.699841
273809,283068.39169
273809,283068.39169
273809,283068.39169
276503,279238.139655
276503,279238.139655
276503,279238.139655
394000,282505.19596
598916,455575.816306
520488,412461.028508
407819,292132.637393
418081,337596.025809
335400,333502.85019
549449,412483.752074
148299,260669.075144
161653,260669.075144
502562,412535.396544
643189,488757.812253
178806,260669.075144
315199,264061.58409
379730,284316.4202
286132,319652.049946
507114,276017.473372
191800,264061.58409
270149,159864.82812
193949,82593.6086903
312219,351262.818328
403087,495187.838826
158231,177933.803298
142099,75903.2817101
139934,130929.57466
227824,91289.4841085
244049,201763.779163
181680,58236.8210197
216505,59671.1322897
86423,65208.2870086
212652,236855.413376
194213,227651.045393
229099,200545.186429
359912,295574.880318
387266,466177.760108
359927,312584.967901
100431,61571.6205261
227824,91289.4841085
152454,177933.803298
140185,66929.5483704
180031,38752.7273616
181210,119915.492729
168127,184557.205354
337390,324376.388923
218973,147464.114409
318133,242718.738951
124577,85209.7473721
227952,111562.626458
122083,54274.9370428
218212,63179.2448375
167588,129334.982123
316731,376931.738805
335306,326985.233365
199884,69329.879431
40239,10479.8229651
381563,227894.843278
123710,25894.040248
160978,10569.2448459
186005,31688.8738735
170865,162696.016682
117485,91540.642505
75382,79072.6659846
127903,136399.905805
125246,74465.8836114
91130,104856.209522
80490,109028.420671
103120,121265.402424
74939,109054.242906
155017,207550.771984
118285,67470.6969088
161133,203133.736792
134553,144799.170651
274866,298257.980406
133770,134525.026347
87900,116450.228437
135397,203098.513546
125063,115059.401369
186068,98908.9731676
141997,95969.554828
95216,134612.270533
206162,146229.863174
131516,123315.378498
135556,135843.318821
68666,90293.1829646
90122,90293.1829646
99236,130895.750399
231134,219777.824014
153900,183189.775048
133985,109378.43
96977,90100.9650882
150615,187696.796021
51750,109028.420671
151482,173182.121634
163387,165579.652751
198369,169043.328846
212021,185295.063881
199014,147413.214315
114453,92582.4772403
106033,81027.6865872
111641,288755.933468
79734,105051.294008
161027,301555.593839
133578,134440.43557
144074,144143.862914
128982,98800.6861585
122579,78744.6263303
133611,91641.1341825
146855,154270.253639
88485,121265.402424
120726,99727.585052
149576,194842.041049
90853,113388.636746
139510,140998.24647
141584,163198.55923
114122,196683.567851
100955,124153.472962
159593,255606.551246
111646,166944.755844
116696,93120.0427625
87420,90293.1829646
111478,217137.176632
102066,81316.5332144
89996,74483.4853063
124719,100198.70249
129540,97681.6797236
108321,94195.832378
125745,138171.925024
178619,125591.758681
141232,171848.999458
188854,165702.309419
148417,192412.907905
139160,162269.098056
125424,128156.582539
103778,151243.682307
115890,94011.5641189
141758,164608.829599
68724,94856.5414081
122701,74465.8836114
560633,427043.138528
743082,498349.012297
599092,318544.429704
494323,506740.887156
763195,500620.072954
237277,250162.09616
164226,171082.2342
594461,337282.09325
547868,549696.563405
367468,243291.947057
509402,456949.30296
314394,262015.99535
503859,320503.795391
329209,280334.042391
574170,401314.654525
354516,255474.030576
676403,392481.356364
346176,254377.945112
438039,485117.769497
504073,353787.404744
248781,321073.301558
154371,171072.766047
165422,202019.400437
203404,238464.623788
709464,349806.939025
244697,261354.371765
312310,312784.906514
330262,262015.99535
403295,374516.202454
218255,249396.036527
259900,291160.567024
1055047,713566.279982
520166,564569.303578
510534,452060.351185
172115,182603.771079
627188,435299.14048
342316,315639.756884
350413,314076.728679
346153,368230.179431
761383,485451.372873
661541,418151.646901
559398,238854.270312
356652,243291.947057
446030,343252.085995
513450,287259.106813
624619,365328.859343
233920,296353.240865
1198284,868124.213216
154340,158755.997551
340679,200758.415828
428301,261563.848421
304346,227847.041257
636388,360577.232717
238232,249365.910587
686667,394881.252539
319588,300856.407319
199131,207035.374221
225096,249292.747588
301208,174790.399582
807303,460636.698639
229922,238447.408965
125184,146996.896112
479900,386876.398617
244512,255728.547858
394015,162782.239776
599027,425647.586552
480369,324049.683047
611344,407113.49581
191511,240465.33102
207412,248724.658422
260466,307576.024181
518393,529176.912767
465600,516064.456754
634000,464519.501816
217078,140760.712278
235999,194157.427834
252370,237276.219939
139291,73764.2196787
200414,163843.794764
703500,486299.506889
265008,290842.760564
148248,218307.287365
206761,246172.941648
229416,223195.578049
236027,209996.111057
173459,215792.790004
274203,301921.093191
185708,132696.460673
324777,298856.651255
262473,299202.549363
273393,320968.887383
247962,364622.78209
214686,174798.816926
200682,230963.235676
122756,91582.595744
184789,376399.495557
155292,116464.45801
227936,242556.526306
395711,369109.502977
269262,280775.335425
293074,317290.83777
215795,353190.596433
179833,171336.146399
287866,327127.838262
246413,277392.152428
339672,395266.938947
234698,238357.970841
246438,293682.639683
1029000,597366.787606
262491,314590.267287
231375,187164.813153
185658,157399.696345
185935,173513.097251
189844,156974.07696
563926,469329.840398
247379,216788.183212
273174,315520.823625
246564,287594.174816
800209,586450.852763
360028,390285.735704
341717,377105.029435
268934,283516.129201
162844,126831.669767
155937,236228.576481
271211,321009.482774
285000,161834.31539
382269,370863.223743
132960,175039.583031
242031,218127.091536
273421,310499.169784
201306,364622.78209
132793,87965.7859159
340265,379628.115821
242966,262417.712342
146445,137754.311953
204618,166848.03234
422125,429060.436548
150097,106421.382957
270999,294092.415804
641943,512054.070469
232037,282160.883778
366714,388219.044403
199826,167885.131092
203374,220899.94459
183464,155761.769324
266346,243901.576553
399783,389286.106196
669771,479119.095865
194118,164746.844747
264422,316877.413847
